{"schemaVersion":"1.0","appDefinitionTemplate":{"id":"/providers/Microsoft.PowerApps/apps/","type":"Microsoft.PowerApps/apps","tags":{"primaryDeviceWidth":"640","primaryDeviceHeight":"1136","sienaVersion":"20240518T074200Z-3.24051.23.0","deviceCapabilities":"","supportsPortrait":"true","supportsLandscape":"true","primaryFormFactor":"Phone","publisherVersion":"3.24051.23","minimumRequiredApiVersion":"2.2.0","hasComponent":"false","hasUnlockedComponent":"false","optimizedForTeamsMeeting":"false"},"properties":{"appVersion":"2024-05-18T07:42:00Z","lifeCycleId":"Published","createdByClientVersion":{"major":3,"minor":24051,"build":23,"revision":0,"majorRevision":0,"minorRevision":0},"minClientVersion":{"major":3,"minor":24051,"build":23,"revision":0,"majorRevision":0,"minorRevision":0},"backgroundColor":"RGBA(54,176,75,1)","backgroundImageUri":"/10937482055360510361/N8e1a5628-83cf-46f1-ac57-fe4cf48efd0d-logoSmallFile","displayName":"DongDongFinal","description":"","commitMessage":"Saved by Test Studio","appUris":{"documentUri":{"value":"/10937482055360510361/N9c731421-7d9c-43c8-824c-619fc7f6365c-document.msapp"},"imageUris":[],"additionalUris":[{"isSolutionAware":false,"value":"/10937482055360510361/Nc3b47946-6cae-4ff3-9c74-11ecc0f93075-identity.json"}]},"createdTime":"0001-01-01T00:00:00Z","lastModifiedTime":"0001-01-01T00:00:00Z","sharedGroupsCount":0,"sharedUsersCount":0,"connectionReferences":{"b28673ff-d549-46e7-807a-04c49644f484":{"id":"fa0684e3-811d-4ed8-a2be-c9aaa682a18b","displayName":"SharePoint","iconUri":"https://connectoricons-prod.azureedge.net/releases/v1.0.1685/1.0.1685.3700/sharepointonline/icon.png","dataSources":["membership for business operation","membership-finance","Valid_shipment_number","membership_transportation"],"dependents":[],"parameterHints":{},"parameterHintsV2":{},"isOnPremiseConnection":false,"bypassConsent":false,"dataSets":{"https://unisydneyedu.sharepoint.com/sites/ELEC1005-assignment-2":{"dataSources":{"membership for business operation":{"tableName":"8682eb13-1643-4e79-a63a-64b859edf4b7"},"membership-finance":{"tableName":"ae1a51aa-c188-467f-926d-8945779659ed"},"Valid_shipment_number":{"tableName":"c6efd710-0327-4f86-a0fc-81b2cc3f657c"},"membership_transportation":{"tableName":"5d905a1c-e999-4dea-ae28-77be213af645"}}}},"apiTier":"Standard","isCustomApiConnection":false,"actions":["providers/PowerPlatform.Governance/Operations/Read","providers/PowerPlatform.Governance/Operations/Write"],"endpoints":[]},"847a2014-1451-4286-8bb5-cf04caefa11d":{"id":"fa0684e3-811d-4ed8-a2be-c9aaa682a18b","displayName":"SharePoint","iconUri":"https://connectoricons-prod.azureedge.net/releases/v1.0.1685/1.0.1685.3700/sharepointonline/icon.png","dataSources":["Products"],"dependents":[],"parameterHints":{},"parameterHintsV2":{},"isOnPremiseConnection":false,"bypassConsent":false,"dataSets":{"https://unisydneyedu.sharepoint.com/sites/ELEC1005-assignment-2":{"dataSources":{"Products":{"tableName":"c5ed2d0e-a11a-4887-a4bc-2f9d1feb92d6"}}}},"apiTier":"Standard","isCustomApiConnection":false,"actions":["providers/PowerPlatform.Governance/Operations/Read","providers/PowerPlatform.Governance/Operations/Write"],"endpoints":[]}},"databaseReferences":{},"almMode":"Environment","performanceOptimizationEnabled":true,"canConsumeAppPass":true,"enableModernRuntimeMode":false,"executionRestrictions":{"isTeamsOnly":false,"dataLossPreventionEvaluationResult":{"status":"Compliant","lastEvaluationDate":"2024-04-04T09:58:41.9727298Z","violations":[],"violationsByPolicy":[],"violationErrorMessage":"The app uses the following connectors: ."}}},"appType":"ClassicCanvasApp","appComponents":[]}}